AoA,M1.5_CA-ALPHA,M1.0_CA-ALPHA,M4.63_CA-ALPHA,M3.96_CA-ALPHA,M0.95_CA-ALPHA,M2.96_CA-ALPHA,M0.6_CA-ALPHA,M2.3_CA-ALPHA,M0.8_CA-ALPHA,M1.2_CA-ALPHA,M1.8_CA-ALPHA,M0.9_CA-ALPHA
-8.0,,,,,,,,,,,,
-7.9,,,,,,,,,,,,
-7.8,,,,,,,,,,,,
-7.7,,,,,,,,,,,,
-7.6,,,,,,,,,,,,
-7.5,,,,,,,,,,,,
-7.4,,,,,,,,,,,,
-7.3,,,,,,,,,,,,
-7.2,,,,,,,,,,,,
-7.1,,,,,,,,,,,,
-7.0,,,,,,,,,,,,
-6.9,,,,,,,,,,,,
-6.8,,,,,,,,,,,,
-6.7,,,,,,,,,,,,
-6.6,,,,,,,,,,,,
-6.5,,,,,,,,,,,,
-6.4,,,,,,,,,,,,
-6.3,,,,,,,,,,,,
-6.2,,,,,,,,,,,,
-6.1,,,,,,,,,,,,
-6.0,,,,,,,,,,,,
-5.9,,,,,,,,,,,,
-5.8,,,,,,,,,,,,
-5.699999999999999,,,,,,,,,,,,
-5.6,,,,,,,,,,,,
-5.5,,,,,,,,,,,,
-5.4,,,,,,,,,,,,
-5.3,,,,,,,,,,,,
-5.199999999999999,,,,,,,,,,,,
-5.1,,,,,,,,,,,,
-5.0,,,,,,,,,,,,
-4.9,,,,,,,,,,,,
-4.8,,,,,,,,,,,,
-4.699999999999999,,,,,,,,,,,,
-4.6,,,,,,0.2620081844857931,,,,,,
-4.5,,,,,,0.26166464838225545,,,,,,
-4.4,,,0.17279277665201503,,,0.26129945497231394,,,,,,
-4.3,,,0.1732142356423498,,,0.2609148747452911,,0.3181910614989107,,,,
-4.199999999999999,,,0.17354472826006664,,,0.26051317819050945,,0.3184071596587865,,,,
-4.1,,,0.1737884169244203,0.19621883701020099,,0.26009663579729136,,0.31852655181150213,,,,
-4.0,0.3770609788965279,,0.17394946405466546,0.19691773707817867,,0.25966751805495925,,0.31855476200790284,,,,
-3.8999999999999995,0.3763105253957345,,0.17403203207005685,0.19749622546737336,,0.25922809545283565,,0.31849731429883416,,,0.3591066882025747,
-3.8,0.37558675074048986,,0.1740402833898492,0.19796039355321352,,0.25878063848024296,,0.3183597327351413,,,0.35916156634409463,
-3.7,0.37488941709642876,,0.17397838043329722,0.1983163327111275,,0.25832741762650363,,0.3181475413676697,,,0.35915666379552835,
-3.5999999999999996,0.37421828662918577,,0.17385048561965566,0.19857013431654372,,0.25787070338094015,,0.31786626424726466,,,0.3590957423318095,
-3.5,0.3735731215043955,,0.17366076136817918,0.19872788974489056,,0.25741276623287496,,0.31752142542477163,,,0.3589825637278718,
-3.3999999999999995,0.3729536838876925,,0.17341337009812255,0.1987956903715965,,0.2569558766716305,,0.31711854895103603,,,0.3588208897586491,
-3.3,0.3723597359447114,,0.17311247422874046,0.1987796275720899,,0.2565023051865292,,0.31666315887690316,,,0.3586144821990751,
-3.1999999999999993,0.37179103984108697,,0.17276223617928765,0.19868579272179918,,0.25605432226689345,,0.3161607792532182,,,0.35836710282408374,
-3.0999999999999996,0.3712473577424536,0.38750000000000007,0.17236681836901882,0.19852027719615264,,0.2556141984020459,,0.31561693413082686,,0.46276050421545784,0.3580825134086086,
-3.0,0.370728451814446,0.38763171364706767,0.1719303832171887,0.1982891723705789,0.28444447485157837,0.2551842040813088,0.20310889553422246,0.3150371475605744,0.2098370803597365,0.4627746677996079,0.3577644757275834,0.23997800104942463
-2.8999999999999995,0.37023408422269893,0.3877991185734071,0.17145709314305202,0.1979985696205061,0.2840396260600513,0.2547666097940048,0.20200179137162763,0.3144269435933061,0.20881298174359833,0.46278363804796646,0.357416751555942,0.23917366464361106
-2.8,0.3697640171328468,0.38799868774536905,0.17095111056586346,0.1976545603213629,0.28367799119680337,0.2543636860294562,0.20097119808207067,0.3137918462798672,0.20783186293867068,0.46278787521396236,0.3570431026686183,0.23840547513315086
-2.6999999999999993,0.3693180127105243,0.38822689412930433,0.1704165979048778,0.1972632358485775,0.2833573797002393,0.2539777032769854,0.20001479699183067,0.31313737967110344,0.20689319397538286,0.46278783955102454,0.3566472908405457,0.23767300096667726
-2.5999999999999996,0.368895833121366,0.38848021069156374,0.1698577175793497,0.19683068757757843,0.28307560100876394,0.253610932025915,0.19913026942718667,0.3124690678178599,0.20599644488416438,0.4627839913125818,0.3562330778466583,0.23697581059282344
-2.5,0.3684972405310067,0.3887551103984981,0.16927863200853385,0.19636300688379402,0.2828304645607821,0.2532656427655674,0.1983152967144178,0.31179243477098206,0.20514108569544473,0.46277679075206296,0.3558042254618897,0.23631347246022266
-2.3999999999999995,0.36812199710508076,0.3890480662164581,0.1686835036116851,0.19586628514265272,0.28261977979469843,0.252944105985265,0.19756756017980315,0.31111300458131524,0.20432658643965337,0.46276669812289706,0.3553644954611737,0.23568555501750804
-2.3,0.36776986500922293,0.3893555511117946,0.16807649480805803,0.19534661372958295,0.28244135614891774,0.25264859217433033,0.19688474114962176,0.31043630129970484,0.20355241714721972,0.4627541736785127,0.3549176496194441,0.23509162671331293
-2.1999999999999993,0.3674406064090679,0.38967403805085826,0.16746176801690746,0.19481008402001304,0.2822930030618447,0.25238137182208575,0.19626452095015282,0.30976784897699616,0.20281804784857324,0.4627396776723389,0.3544674497116347,0.23453125599627042
-2.0999999999999996,0.3671339834702501,0.39,0.16684348565748802,0.19426278738937147,0.28217252997188413,0.25214471541785377,0.19570458090767526,0.30911317166403474,0.20212294857414345,0.46272367035780454,0.35401765751267905,0.23400401131501378
-2.0,0.36684975835840433,0.39032990992557054,0.16622581014905455,0.19371081521308658,0.2820777463174407,0.25194089345095694,0.1952026023484683,0.30847779341166576,0.20146658935435974,0.46270661198833835,0.3535720347975111,0.23350946111817622
-1.8999999999999995,0.3665876932391651,0.39066024079392064,0.16561290391086164,0.19316025886658683,0.2820064615369194,0.2517721764107174,0.19475626659881096,0.30786723827073464,0.20084844021965165,0.4626889628173693,0.3531343433410646,0.23304717385439097
-1.7999999999999998,0.36634755027816707,0.3909874655714012,0.16500892936216408,0.1926172097253006,0.2819564850687247,0.251640834786458,0.19436325498498236,0.3072870302920868,0.2002679712004486,0.46267118309832633,0.3527083449182732,0.23261671797229122
-1.6999999999999993,0.36612909164104485,0.3913080572243628,0.16441804892221654,0.19208775916465629,0.2819256263512615,0.2515491390675009,0.19402124883326152,0.30674269352656763,0.19972465232718004,0.46265373308463814,0.35229780130407085,0.23221766192051022
-1.5999999999999996,0.3659320794934331,0.3916184887191564,0.1638444250102738,0.19157799856008234,0.2819116948229345,0.25149935974316867,0.19372792946992762,0.30623975202502235,0.1992179536302754,0.46263707302973367,0.35190647427339117,0.23184957414768112
-1.5,0.3657562760009663,0.39191523302213266,0.16329222004559055,0.1910940192870071,0.2819124999221485,0.2514937673027837,0.1934809782212597,0.3057837298382965,0.19874734514016423,0.46262166318704173,0.3515381256011679,0.23151202310243718
-1.3999999999999995,0.36560144332927913,0.3921947630996424,0.1627655964474215,0.19064191272085898,0.2819258510873083,0.251534558906756,0.1932780764135368,0.3053801510172354,0.19831229688727592,0.46260796380999114,0.35119651706233485,0.2312045772334116
-1.2999999999999998,0.36546734364400624,0.39245355191803644,0.1622687166350214,0.1902277702370664,0.28194955775681846,0.2516198752333845,0.19311690537303813,0.30503453961268434,0.19791227890203994,0.46259643515201093,0.35088541043182586,0.2309268049892376
-1.1999999999999993,0.3653537391107823,0.39268807244366555,0.16180598958781012,0.18985768321105778,0.28198142936908394,0.2517417592219197,0.19299514642604265,0.3047524196754887,0.1975467612148858,0.4625875374665298,0.35060856748457464,0.23067827481854838
-1.0999999999999996,0.3652603918952418,0.3928947976428805,0.16138446398915626,0.18953774301826154,0.28201927536250937,0.25189175084860127,0.19291048089882953,0.3045393151398131,0.1972152138562429,0.46258173100697664,0.3503697499955149,0.23045855516997724
-1.0,0.3651870641630194,0.39307020048203195,0.16101278980742129,0.18927387731044779,0.2820609051754996,0.2520613900896688,0.19286059011767778,0.30439760002375454,0.19691710685654076,0.4625794760267804,0.3501727197395804,0.23026721449215726
-0.8999999999999995,0.3651334946075318,0.39321075392747085,0.16069963947876176,0.1890679247648889,0.2821041282464593,0.2522422169213619,0.19284315540886657,0.304318285381407,0.1966519102462088,0.4625812327793699,0.350021238491705,0.23010382123372172
-0.7999999999999998,0.3650983871694836,0.393312930945548,0.1604536854393342,0.1889174469572841,0.2821467540137933,0.2524257713199202,0.19285585809867492,0.30428982088897455,0.19641909405567648,0.46258746151817387,0.3499179702481143,0.22996794384330382
-0.6999999999999993,0.3650790262582624,0.39337320450261404,0.16028360012529502,0.18881980409039295,0.2821865919159062,0.2526035932615834,0.19289637951338195,0.3043006562226613,0.19621812831537327,0.46259862249662137,0.3498581476371752,0.2298591507695368
-0.5999999999999996,0.3650725934357913,0.3933880475650198,0.16019805597280087,0.18877235636697495,0.2822214513912029,0.252767222722591,0.1929624009792667,0.3043392410586714,0.19604848305572864,0.46261517596814117,0.34983392181987993,0.2297770104610539
-0.5,0.3650762702639936,0.39335393309911615,0.1602057254180082,0.18877246398978975,0.2822491418780882,0.2529081996791827,0.19305160382260836,0.30439402507320906,0.19590962830717207,0.4626375821861621,0.34983743403083606,0.22972109136648824
-0.39999999999999947,0.3650872383047923,0.39326733407125375,0.1603152808970736,0.18881748716159685,0.28226747281496667,0.25301806410759814,0.19316166936968593,0.3044534579424783,0.19580103410013297,0.462666301404113,0.3498608255046514,0.22969096193447314
-0.2999999999999998,0.36510267912011085,0.3931247234477834,0.16053539484615353,0.18890478608515582,0.2822742536402432,0.25309001506280493,0.1932902789467785,0.30450598934268325,0.19572217046504084,0.4627017938754229,0.34989623747593374,0.2296861906136417
-0.1999999999999993,0.3651197742718725,0.392922574195056,0.16087278290653398,0.1890317209632262,0.2822672937923225,0.25312733497592005,0.19343511388016515,0.30454006895002816,0.19567250743232514,0.46274451985352044,0.34993581117929057,0.22970634585262725
-0.09999999999999964,0.36513570532200024,0.39265735927942214,0.16131761047633333,0.18919565199856753,0.2822444027096093,0.2531370949236987,0.19359385549612504,0.3045441508090424,0.1956515150324153,0.46279517118913144,0.34997168784932986,0.22975099610006292
0.0,0.3651476538324175,0.3923258551090207,0.16185172106233653,0.1893939393939394,0.28220338983050847,0.25312637277848227,0.19376460108159496,0.30451197302013633,0.19565869360473656,0.4628554013005744,0.34999600872065917,0.2298197302960792
0.09999999999999964,0.36515287420935083,0.39193181725311454,0.16245689513783484,0.18962370458776745,0.28214335811676367,0.2531022464126124,0.19394799057808584,0.30445281699457394,0.1956945364099956,0.4629271131240741,0.3500009150278863,0.22991280868129507
0.20000000000000107,0.36515078596281597,0.39148598044209043,0.16311491317611965,0.18988111396114205,0.28206858462347456,0.2530717936984308,0.1941456243965159,0.30437880776168924,0.19576072852870302,0.463012209596316,0.34998058610882204,0.23003129726938698
0.3000000000000007,0.365143286734869,0.3909993828481233,0.16380755565048208,0.1901620951308196,0.28198463992908007,0.2530420925082788,0.19435910473269696,0.30430207035081613,0.19585902554625015,0.4631125936539859,0.3499403416411061,0.23017630974141629
0.40000000000000036,0.3651324099756082,0.39048306264338783,0.1645166030342134,0.19046257571355654,0.28189709461201884,0.2530202207144981,0.19459003378244094,0.3042347297912885,0.19599118304802834,0.4632301682337693,0.34988928853784773,0.23034895977844438
0.5,0.36512018913513117,0.38994805800005905,0.16522383580060498,0.1907784833261094,0.2818115192507297,0.2530132561894303,0.19484001374155968,0.3041889111124404,0.19615895661942898,0.46336683627235176,0.3498365368430613,0.2305503610615326
0.5999999999999996,0.36510865766353623,0.3894054070903116,0.16591103442294805,0.1911057455852345,0.2817334844236515,0.25302827680541684,0.19511064680586504,0.3041767393436056,0.1963641018458434,0.46352450070641893,0.3497911966007612,0.23078162727174228
0.7000000000000011,0.36509984901092113,0.3888661480863205,0.1665599793745339,0.19144029010768837,0.28166856070922275,0.253071207411621,0.1954035351711689,0.3042103395141181,0.19660837431266293,0.4637050644726564,0.3497623778549616,0.23104387209013477
0.8000000000000007,0.36509579662738395,0.38834131916026043,0.16715497679685595,0.19177804451022742,0.28162231868588244,0.25314229742675237,0.19572028103328312,0.30430183665331184,0.19689352960527898,0.46391043050774994,0.349759190649677,0.23133820919777145
0.9000000000000004,0.3650985339630227,0.38784195848430636,0.1676974302385279,0.1921149364096081,0.28160032893206915,0.25324005299782587,0.1960624865880195,0.3044633557905206,0.19722132330908287,0.4641425017483849,0.3497907450289217,0.23166575227571362
1.0,0.36511009446793524,0.38737910423063315,0.1681958328046534,0.1924468937767099,0.2816081620262218,0.2533629798032193,0.19643175403119,0.3047060401332284,0.19759351100946596,0.464403181131247,0.3498661510367099,0.2320276150050227
1.0999999999999996,0.3651325115922196,0.3869637945714155,0.16865870043804762,0.19277116187580104,0.28165138854677907,0.2535095835213105,0.19682968555860647,0.3050274814914883,0.19801184829181956,0.464694371593022,0.3499945187170561,0.23242491106676005
1.200000000000001,0.36516784235063915,0.38660706767882835,0.16909454908152596,0.19308927457804745,0.2817355790721797,0.25367836983047715,0.19725788336608072,0.30541539352396935,0.19847809074153513,0.4650179760703953,0.3501829092071905,0.23285875414198695
1.3000000000000007,0.3652189893721576,0.38631996172504646,0.1695118946779036,0.1934036370300536,0.2818663041808625,0.2538678444090971,0.19771794964942466,0.3058572658144294,0.1989939939440039,0.4653758975000526,0.3504292941405546,0.2333302579117648
1.4000000000000004,0.3652899146592737,0.38611351488224477,0.16991925316999587,0.19371665437842386,0.28204913445126617,0.2540765129355481,0.19821148660445012,0.3063405879466264,0.19956131348461734,0.4657700388186794,0.3507291254581912,0.2338405360571549
1.5,0.3653846472128663,0.38599876532259814,0.17032514050061798,0.1940307317697626,0.2822896404618295,0.254302881088208,0.19874009642696902,0.306852849504318,0.2001818049487667,0.46620230296296156,0.351077855007807,0.2343907022592187
1.6000000000000014,0.3655072160338146,0.3859867512182813,0.17073807261258517,0.19434827435067425,0.2825933927909913,0.2545454545454545,0.1993053813127932,0.3073815400712622,0.20085722392184344,0.4666745928695844,0.35147093463710904,0.2349818701990175
1.700000000000001,0.3656616501229975,0.38608851074146905,0.17116656544871275,0.19467168726776315,0.28296596201719026,0.254802890107975,0.1999089434577345,0.3079141492312168,0.2015893259892388,0.46718881147523367,0.35190381619380406,0.23561515355761264
1.8000000000000007,0.365851978481294,0.38631508206433646,0.171617788485939,0.19500337566763373,0.2834129187188652,0.25507444906569465,0.20055238505760475,0.30843816656793965,0.20237986673634417,0.467746861716595,0.3523719515255989,0.23629166601606547
1.9000000000000004,0.36608223010958335,0.38667750335905815,0.17209155137397955,0.19534574469689037,0.2839398334744548,0.25535954383084813,0.20123730830821593,0.3089410816651886,0.20323060174855095,0.46835047565922094,0.3528707924802005,0.23701252125543734
2.0,0.3663564340087444,0.3871868127978091,0.17258516173845226,0.1957010513572634,0.28455227686239787,0.2556575868156704,0.20196531540537982,0.30941126522296275,0.20414328661125045,0.468998973692803,0.3533957909053156,0.23777883295678962
2.1000000000000014,0.3666786191260781,0.3878535572355282,0.17309592513655334,0.19606996659294412,0.28525510758177913,0.25596799043239615,0.20273765929127743,0.30984652128188006,0.20511910478669373,0.4696898911970754,0.3539423986486511,0.2385916856372636
2.200000000000001,0.3670513680129031,0.388676983230733,0.17362114712547905,0.19645219922123963,0.2860461193447797,0.25629016709326014,0.2035528831882374,0.3102503762919876,0.2061548008615002,0.47042072158184806,0.354506067557914,0.23945065710640917
2.3000000000000007,0.36747204551151835,0.38964503704551867,0.17415813326242557,0.1968474445597553,0.28691906371964865,0.2566235292104969,0.20440826363641243,0.31062643699504977,0.20724504443116465,0.4711889582569311,0.3550827278836556,0.24035311978104534
2.4000000000000004,0.36793684031647444,0.390745173624745,0.17470418910458924,0.1972553979260966,0.28786764470462745,0.2569674891963416,0.20530106999367506,0.3109783101328311,0.20838449332566752,0.47199209463213454,0.35567066467911096,0.24129627078771226
2.5,0.3684419411223225,0.39196484791327146,0.17525662020916621,0.19767575463786888,0.28888556629795764,0.25732145946302865,0.20622857161789798,0.31130960244709616,0.20956780537498923,0.4728276241172684,0.3562688863013939,0.24227730725295002
2.6000000000000014,0.3689835366236134,0.39329151485595787,0.17581273213335274,0.1981082100126776,0.2899665324978808,0.257684852422793,0.20718803786695378,0.3116239206796093,0.21078963840911022,0.4736930401221429,0.35687640130206183,0.24329342630329884
2.700000000000001,0.36955781551489797,0.3947126293976638,0.1763698304343451,0.1985524593681282,0.2911042473026386,0.2580570804878693,0.20817673809871506,0.31192487157213505,0.21204465025801084,0.4745858360565678,0.3574922182326716,0.24434182506529883
2.8000000000000007,0.3701609664907271,0.3962156464832488,0.1769252206693394,0.19900819802182607,0.2922924147104724,0.25843755607049235,0.20919194167105445,0.31221606186643797,0.21332749875167148,0.4755035053303533,0.3581153456447805,0.24541970066549015
2.9000000000000004,0.37078917824565183,0.39778802105757277,0.17747620839553205,0.1994751212913766,0.2935247387196238,0.2588256915828969,0.21023091794184454,0.3125010983042825,0.2146328417200726,0.4764435413533094,0.3587447920899457,0.24652425023041297
3.0,0.37143863947422295,0.3994172080654951,0.17802009917011916,0.19995292449438531,0.29479492332833446,0.25922089943731774,0.21129093626895798,0.31278358762743314,0.21595533699319458,0.4774034375352461,0.35937956611972416,0.2476526708866074
3.1000000000000014,0.37210553887099146,0.40109066245187563,0.178554198550297,0.20044130294845755,0.29609667253484584,0.2596225920459896,0.21236926601026737,0.31306713657765445,0.2172896424010179,0.47838068728597355,0.3600186762856732,0.24880215976061362
3.200000000000001,0.3727860651305082,0.4027958391615739,0.17907581209326182,0.20093995197119877,0.29742369033739946,0.2600301818211472,0.2134631765236453,0.3133553518967108,0.21863041577352288,0.47937278401530176,0.3606611311393499,0.24996991397897175
3.3000000000000007,0.37347640694732404,0.4045201931394496,0.1795822453562098,0.20144856688021434,0.298769680734237,0.2604430811750253,0.21456993716696438,0.3136518403263668,0.21997231494068997,0.48037722113304065,0.3613059392323114,0.251153130668222
3.4000000000000004,0.3741727530159901,0.4062511793303623,0.18007080389633728,0.20196684299310974,0.3001283477235998,0.2608607025198587,0.21568681729809727,0.3139602086083868,0.22130999773249954,0.48139149204900034,0.36195210911611475,0.25234900695490436
3.5,0.37487129203105707,0.4079762526791718,0.18053879327084038,0.20249447562749034,0.3014933953037296,0.2612824582678822,0.21681108627491658,0.31428406348453547,0.22263812197893204,0.4824130901729909,0.3625986493423172,0.2535547399655592
3.6000000000000014,0.3755682126870759,0.4096828681307376,0.18098351903691542,0.20303116010096167,0.30285852747286796,0.26170776083133046,0.21794001345529487,0.3146270116965772,0.2239513455099679,0.4834395089148223,0.3632445684624759,0.2547675268267266
3.700000000000001,0.3762597036785975,0.4113584806299195,0.18140228675175857,0.20357659173112902,0.3042174482292563,0.2621360226245018,0.21907086819710478,0.31499265998627646,0.22524432615558748,0.4844682416843047,0.3638888750281479,0.25598456466494657
3.8000000000000007,0.37694195370017286,0.41299054512157696,0.1817924019725661,0.20413046583559785,0.30556386157113613,0.2625667117680381,0.22020091985821894,0.3153846150953979,0.22651172174577122,0.48549678189124806,0.36453057759089036,0.25720305060675946
3.9000000000000004,0.3776111514463529,0.41456651655056975,0.18215185331683892,0.20469247773197363,0.3068914714967492,0.2629994973368809,0.2213274377965099,0.3158064837657058,0.22774819011049952,0.4865226283498587,0.36516868470226044,0.2584201817787053
4.0,0.3782634856116883,0.4160738498617576,0.18248199157321848,0.20526232273786174,0.30819398200433695,0.2634340937040032,0.2224476913698504,0.3162618727389647,0.22894838907975276,0.4875439871154832,0.3658022049138152,0.2596331553073242
4.100000000000001,0.3788951498505064,0.4175,0.18278520025867054,0.2058396961708676,0.309465097092141,0.263870215242378,0.22355895069136214,0.31675438285535873,0.2301069764835114,0.4885604674600522,0.366430146777112,0.2608391683191565
4.200000000000001,0.37950387749034925,0.4188355016480576,0.18306386316778522,0.20642423253610534,0.31069864840760636,0.26430757632497837,0.2246588922814329,0.31728578291562226,0.23121910073978882,0.4895718440925788,0.3670515739717538,0.2620354260143832
4.300000000000001,0.38009111498521947,0.42008320844029495,0.18332036409515282,0.20701472698658271,0.31189258416266724,0.26474589132477716,0.22574626854406088,0.317853423514024,0.23228480716264358,0.490577891722076,0.3676663110710465,0.2632198753865162
4.4,0.3806588573006783,0.42124905374897736,0.18355708683536354,0.20760936283824663,0.31304975658812056,0.2651848746147473,0.22682000789034276,0.3184540025772376,0.23330695540492175,0.49157838505755685,0.3682747372939119,0.2643917923220844
4.5,0.38120909940228703,0.42233897094637046,0.18377641518300755,0.20820630952819882,0.31417330456896214,0.26562424056786194,0.22787903873137538,0.31908421803193676,0.2342884387068731,0.49257309880803446,0.36887724444079284,0.2655505908649044
4.600000000000001,0.38174383625560704,0.42335889340473964,0.18398073293267506,0.208803736493541,0.3152663669901875,0.26606370355709397,0.22892228947825552,0.3197407678047953,0.23523215030874753,0.4935618076825219,0.369474224312132,0.2666956850587931
4.700000000000001,0.3822650628261995,0.42431475449635037,0.18417242387895627,0.20939981317137482,0.31633208273679214,0.26650297795541633,0.22994868854207984,0.3204203498224869,0.2361409834507948,0.49454428639003223,0.37006606870837216,0.2678264889475674
4.800000000000001,0.38277477407962585,0.425212487593468,0.18435387181644136,0.20999270899880196,0.3173735906937717,0.26694177813580205,0.23095716433394514,0.32111966201168546,0.23701783137326482,0.4955203096395785,0.37065316942995613,0.26894241657504403
4.9,0.3832749649814472,0.4260580260683581,0.18452746053972066,0.21058059341292407,0.31839402974612174,0.2673798184712241,0.23194664526494824,0.3218354022990646,0.23786558731640736,0.4964896521401736,0.37123591827732666,0.2700428819850398
5.0,0.38376763049722507,0.426857303293286,0.18469557384338425,0.2111616358508429,0.319396538778838,0.2678168133346555,0.23291605974618584,0.32256426861129794,0.2386871445204723,0.4974520886008308,0.3718147070509265,0.27112729922137163
5.100000000000001,0.3842547655925206,0.4276162526405172,0.1848605955220224,0.21173400574966014,0.3203842566769159,0.2682524770990692,0.2338643361887548,0.3233029588750595,0.23948539622570947,0.4984073937305631,0.3723899275511984,0.2721950823278563
5.200000000000001,0.3847383652328951,0.4283408074823173,0.18502490937022525,0.21229587254647742,0.32136032232535106,0.2686865241374381,0.2347904030037517,0.3240481710170227,0.2402632356723687,0.4993553422383835,0.37296197157858507,0.2732456453483106
5.300000000000001,0.38522042438390997,0.4290369011909516,0.1851908991825831,0.21284540567839644,0.32232787460913914,0.2691186688227353,0.23569318860227345,0.3247966029638616,0.24102355610069987,0.5002957088333051,0.37353123093352925,0.27427840232655143
5.4,0.3857029380111265,0.42971046713868555,0.18536094875368608,0.21338077458251892,0.3232900524132757,0.2695486255279337,0.23657162139541676,0.3255449526422497,0.24176925075095276,0.501228268224341,0.3740980974164739,0.27529276730639546
5.5,0.3861879010801058,0.4303674386977846,0.18553744187812443,0.2139001486959465,0.3242499946227563,0.26997610862600635,0.2374246297942784,0.32628991797886087,0.24250321286337723,0.5021527951205043,0.3746629628278615,0.2762881543316597
5.600000000000001,0.38667730855640936,0.43101374924051433,0.1857227623504884,0.21440169745578092,0.32521084012257656,0.2704008324899262,0.2382511422099551,0.3270281969003689,0.2432283356782231,0.5030690642308078,0.375226218968135,0.2772639774461609
5.700000000000001,0.38717315540559843,0.4316553321391401,0.1859192939653681,0.2148835902991238,0.3261757277977321,0.2708225114926661,0.23905008705354372,0.32775648733344737,0.24394751243574025,0.5039768502642649,0.3757882576377371,0.2782196506937159
5.800000000000001,0.3876774365932343,0.4322981207659273,0.1861294205173538,0.21534399666307685,0.32714779653321846,0.27124086002306186,0.23982039273614086,0.3284714872047701,0.24466363637617847,0.5048759279298882,0.37634947063711055,0.2791545881181415
5.9,0.3881921470848782,0.43294804849314145,0.18635552580103568,0.21578108598474177,0.3281301852140312,0.2716556514769106,0.24056098766884346,0.32916989444101086,0.24537960073978762,0.5057660719366913,0.3769102497666982,0.2800682037632545
6.0,0.38871928184609156,0.4336110486930479,0.18659958460950501,0.21619302770122023,0.329126032725166,0.2720668513542632,0.24127080026274816,0.3298484069688434,0.2460982987668176,0.506647056993687,0.3774709868269426,0.2809599116728717
6.100000000000001,0.3892608358424356,0.43429305473791235,0.1868617572947554,0.2165779912496139,0.3301384779516185,0.2724744641831626,0.24194875892895176,0.3305037430857953,0.24682262369751812,0.507518659396693,0.37803207361828667,0.2818291258908101
6.200000000000001,0.38981856318018576,0.43500000000000005,0.1871417012293496,0.21693445133860612,0.33117037196867244,0.2728784944916521,0.24259379220971064,0.33113407292490055,0.24755546877213913,0.5083807255822467,0.37859390194117315,0.28267526046088637
6.300000000000001,0.3903921808181332,0.4357363477282675,0.18743907376721877,0.21726346461277107,0.3322208628448223,0.27327894680777465,0.2432054173079502,0.33173995995700345,0.24829952378712544,0.5092331983187665,0.3791568372955582,0.28349777256271713
6.4,0.3909803813844998,0.4365006806784352,0.18775353226229402,0.21756738598098624,0.33328652826756894,0.27367582565957355,0.24378509331001869,0.33232219120141365,0.24905481359634818,0.5100760273655865,0.3797209263239475,0.28429668441858275
6.5,0.39158184974879867,0.43729011148291475,0.1880847340685065,0.21784858018572717,0.3343638941476965,0.27406913557509177,0.24433467915869259,0.33288155367744054,0.24981948970630485,0.5109091624820409,0.38028600355095565,0.28507241545301476
6.600000000000001,0.39219527078054284,0.43810175277411767,0.1884323365397874,0.21810941196946948,0.3354494863959891,0.2744588810823726,0.2448560337967484,0.3334188344043937,0.25059166468983707,0.5117325534274633,0.38085189966674843,0.28582539334557294
6.700000000000001,0.39281932934924507,0.4389327171844553,0.18879599703006772,0.21835224607468867,0.33653983092323075,0.2748450667094592,0.2453510161669626,0.33393482040158246,0.2513694511197865,0.512546149961188,0.38141844536149144,0.28655604577581745
6.800000000000001,0.3934527103244186,0.4397801173463394,0.18917537289327876,0.21857944724386036,0.33763145364020547,0.2752276969843944,0.2458214852121117,0.3344302986883165,0.2521509615689945,0.5133499018425488,0.38198547132535027,0.287264800423308
6.9,0.39409409857557615,0.4406410658921814,0.18957012148335156,0.21879338021946013,0.3387208804576973,0.27560677643522175,0.2462692998749723,0.3349060562839052,0.25293430861030286,0.5141437588308797,0.38255280824849075,0.28795208496760455
7.0,0.3947421789722309,0.4415126754543927,0.18997990015421728,0.21899640974396345,0.33980463728649046,0.27598230958998404,0.24669631909832074,0.3353628802076579,0.25371760481655325,0.5149276706855149,0.3831202868210784,0.2886183270882671
7.100000000000001,0.3953956363838958,0.44239205866538506,0.19040436625980708,0.21919090055984602,0.34087925003736896,0.27635430097672453,0.24710440182493365,0.33580155747888435,0.2544989627605872,0.5157015871657883,0.38368773773327897,0.2892639544648556
7.200000000000001,0.39605315568008376,0.4432763281575698,0.19084317715405205,0.21937921740958333,0.34194124462111675,0.2767227551234864,0.24749540699758749,0.33622287511689397,0.25527649501524624,0.5164654580310338,0.38425499167525806,0.2898893947769299
7.300000000000001,0.39671342173030777,0.44416259656335855,0.19129599019088342,0.21956372503565097,0.34298714694851806,0.27708767655831273,0.24787119355905873,0.3366276201409961,0.25604831415337204,0.5172192330405854,0.38482187933718137,0.2904950757040498
7.4,0.3973751194040808,0.4450479765151628,0.1917624627242322,0.21974678818052448,0.34401348293035683,0.27744906980924666,0.24823362045212394,0.3370165795705004,0.2568125327478062,0.517962861953777,0.3853882314092145,0.29108142492577554
7.5,0.3980369335709159,0.44592958064539406,0.19224225210802962,0.21993077158667942,0.3450167784774173,0.2778069394043314,0.24858454661955953,0.3373905404247162,0.2575672633713904,0.518696294529943,0.3859538785815232,0.29164887012166674
7.600000000000001,0.398697549100326,0.44680452158646394,0.19273501569620685,0.22011803999659144,0.34599355950048327,0.2781612898716099,0.24892583100414212,0.3377502897229532,0.25831061859696614,0.5194194805284169,0.3865186515442731,0.29219783897128354
7.700000000000001,0.39935565086182406,0.4476699119707838,0.1932404108426949,0.22031095815273602,0.346940351910339,0.27851212573912537,0.24925933254864813,0.3380966144845207,0.259040710997375,0.520132369708533,0.38708238098762987,0.2927287591541857
7.800000000000001,0.40000992372492317,0.44852286443076533,0.19375809490142498,0.22051189079758876,0.3478536816177686,0.27885945140448615,0.24958691019585405,0.33843030172872823,0.25975565314545873,0.5208349118296253,0.3876448976017591,0.2932420583499332
7.9,0.40065905255913614,0.4493604915988199,0.19428772701215163,0.22072320267362522,0.3487300745335559,0.2792032458963129,0.24991042288853646,0.33875213847488533,0.26045355761405875,0.5215270566510276,0.3882060320768265,0.2937381642380861
8.0,0.4013017222339761,0.4501799061073592,0.19482898796529657,0.22094725852332095,0.3495660565684853,0.27954343272384596,0.2502317295694718,0.3390629117423014,0.26113253697601685,0.522208753932074,0.3887656151029978,0.29421750449820405
8.100000000000001,0.4019366176189558,0.45097822058879455,0.19538157295425038,0.2211864230891516,0.3503581536333405,0.2798799280490957,0.25055268918143664,0.339363408550286,0.2617907038041745,0.5228799534320907,0.3893234773704385,0.29468050680984725
8.2,0.4025624235835885,0.4517525476755377,0.19594517743276554,0.22144272351907632,0.3511029238937409,0.28021264803407264,0.2508751606672074,0.339654366516289,0.2624261706713734,0.5235405724043113,0.38987944956931436,0.29512759885257545
8.3,0.40317782856084244,0.4525,0.19651949685459466,0.22171634165821102,0.35179864139227013,0.28054150884078705,0.25120097526273394,0.3399362532255551,0.2630370501504551,0.5241904004778656,0.3904333623897911,0.2955592083059486
8.400000000000002,0.4037819914429052,0.4532182451455845,0.19710422667349026,0.22200683202822458,0.35244612075021575,0.28086642663124955,0.25153100075802703,0.34020944446401546,0.2636218503539482,0.5248291959648882,0.3909850463336302,0.29597575504610346
8.5,0.4043750067523602,0.4539071704996599,0.1976990623432049,0.22231374863217812,0.35304638178998343,0.28118731756747056,0.251864915441233,0.34047431594171074,0.2641807134261626,0.5254567171775136,0.39153422686436923,0.296377520971137
8.600000000000001,0.4049570796347429,0.4545672184005864,0.19830369931749114,0.22263664547313267,0.3536004443339785,0.2815040978114605,0.2522023240519263,0.3407312433686818,0.26471420340997753,0.5260727224278768,0.39208034988920193,0.2967646697456965
8.7,0.40552841523558886,0.45519883118672416,0.19891783305010152,0.22297507655414933,0.3541093282046067,0.28181668352522976,0.25254283132968103,0.3409806024549694,0.2652228843487802,0.5266769700281121,0.39262281531822957,0.29713736120947065
8.8,0.4060892187004335,0.45580245119643326,0.19954115899478864,0.22332859587828918,0.35457405322427354,0.28212499087078885,0.25288604201407155,0.3412227689106142,0.26570732028595795,0.5272692182903543,0.39316102306155365,0.29749575520214855
8.900000000000002,0.40663969517481235,0.45637852076807395,0.20017337260530502,0.22369675744861323,0.3549956392153844,0.2824289360101483,0.25323156084467197,0.3414581184456571,0.2661680752648979,0.5278492255267382,0.3936943730292754,0.29784001156341916
9.0,0.407180049804261,0.4569274822400065,0.20081416933540316,0.2240791152681826,0.35537510600034494,0.2827284351053183,0.2535789925610567,0.34168702677013874,0.26660571332898725,0.5284167500493981,0.39422226513149633,0.2981702901329713
9.100000000000001,0.4077104877343149,0.457449777950591,0.20146324463883575,0.22447522334005837,0.35571347340156056,0.2830234043183095,0.2539279419028,0.3419098695941001,0.2670207985216134,0.5289715501704688,0.3947440992783179,0.29848675075049397
9.2,0.4082312141105096,0.45794585023818757,0.2021202939693552,0.22488463566730155,0.35601176124143696,0.2833137598111323,0.2542780136094761,0.3421270226275817,0.26741389488616346,0.529513384202085,0.3952592753798413,0.298789553255676
9.3,0.40874243407838057,0.4584161414411564,0.2027850127807142,0.22530690625297328,0.35627098934237955,0.28359941774579717,0.2546288124206593,0.34233886158062443,0.26778556646602464,0.5300420104563816,0.395767193346168,0.2990788574882064
9.400000000000002,0.4092443527834633,0.4588610938978577,0.20345709652666522,0.22574158910013453,0.3564921775267939,0.28388029428431455,0.25497994307592386,0.3425457621632691,0.2681363773045843,0.5305571872454927,0.3962672530873993,0.2993548232877741
9.5,0.4097371753712934,0.45928114994665165,0.2041362406609608,0.22618823821184647,0.35667634561708567,0.28415630558869487,0.25533101031484406,0.34274810008555634,0.26846689144522956,0.5310586728815532,0.3967588545136368,0.29961761049406793
9.600000000000001,0.4102211069874063,0.45967675192589846,0.2048221406373535,0.2266464075911701,0.35682451343566013,0.28442736782094846,0.25568161887699414,0.3429462510575271,0.2687776729313477,0.5315462256766977,0.39724139753498167,0.29986737894677684
9.7,0.41069635277733757,0.4600483421739582,0.20551449190959598,0.22711565124116653,0.356937700804923,0.2846933971430859,0.2560313735019483,0.343140590789222,0.26906928580632594,0.5320196039430609,0.3977142820615353,0.30010428848558984
9.8,0.41116311788662263,0.460396363029191,0.20621298993144063,0.22759552316489687,0.3570169275472797,0.2849543097171176,0.25637987892928094,0.3433314949906818,0.2693422941135515,0.5324785659927775,0.3981769080033992,0.3003284989501958
9.900000000000002,0.41162160746079707,0.4607212568299573,0.20691733015664018,0.2280855773654221,0.35706321348513587,0.28521002170505416,0.25672673989856626,0.3435193393719473,0.26959726189641153,0.532922870137982,0.39862867527067464,0.3005401701802836
10.0,0.4120720266453963,0.4610234659146169,0.20762720803894702,0.2285853678458033,0.35707757844089694,0.28546044926890574,0.25707156114937857,0.34370449964305927,0.26983475319829353,0.5333522746908091,0.39906898377346317,0.3007394620155423
10.100000000000001,0.41251458058595597,0.4613034326215303,0.20834231903211384,0.22909444860910155,0.3570610422369685,0.2857055085706829,0.2574139474212921,0.3438873515140586,0.27005533206258453,0.5337665379633936,0.39949723342186594,0.30092653429566063
10.2,0.4129494744280115,0.46156159928905754,0.20906235858989308,0.22961237365837794,0.35701462469575607,0.2859451157723962,0.2577535034538811,0.3440682706949858,0.2702595625326717,0.5341654182678698,0.3999128241259844,0.3011015468603277
10.3,0.4133769133170984,0.46179840825555873,0.2097870221660374,0.23013869699669356,0.3569393456396652,0.28617918703605594,0.25808983398671986,0.3442476328958819,0.2704480086519424,0.5345486739163727,0.40031515579592014,0.30126465954923226
10.400000000000002,0.4137971023987523,0.4620143018593941,0.2105160052142993,0.23067297262710945,0.3568362248911014,0.28640763852367257,0.25842254375938273,0.3444258138267875,0.2706212344637839,0.5349160632210368,0.4007036283417742,0.30141603220206326
10.5,0.41421024681850854,0.46220972243892383,0.2112490031884313,0.23121475455268667,0.3567062822724702,0.2866303863972566,0.25875123751144385,0.3446031891977434,0.2707798040115833,0.5352673444939967,0.4010776416736483,0.3015558246585098
10.600000000000001,0.41461655172190276,0.4623851123325082,0.21198571154218604,0.23176359677648628,0.35655053760617705,0.2868473468188185,0.2590755199824776,0.3447801347187904,0.2709242813387279,0.535602276047387,0.40143659570164353,0.3016841967582607
10.7,0.41501622225447043,0.46254091387850715,0.21272582572931598,0.23231905330156938,0.3563700107146277,0.2870584359503687,0.2593949959120581,0.34495702609996926,0.2710552304886049,0.5359206161933424,0.4017798903358614,0.30180130834100477
10.8,0.415409463561747,0.462677569415281,0.21346904120357377,0.23288067813099703,0.35616572142022745,0.2872635699539175,0.25970927003975974,0.3451342390513207,0.2711732155046016,0.5362221232439977,0.40210692548640337,0.3019073192464311
10.900000000000002,0.415796480789268,0.46279552128118995,0.2142150534187119,0.23344802526783032,0.35593868954538194,0.2874626649914756,0.26001794710515674,0.34531214928288545,0.27127880043010527,0.5365065555114873,0.40241710106337075,0.3020023893142285
11.0,0.416177479082569,0.46289521181459403,0.2149635578284829,0.23402064871513023,0.35568993491249673,0.2876556372250532,0.26032063184782334,0.3454911325047045,0.27137254930850296,0.536773671307946,0.4027098169768648,0.3020866783840859
11.100000000000001,0.41655266358718557,0.4629770833538536,0.2157142498866394,0.23459810247595794,0.35542047734397725,0.2878424028166609,0.26061692900733396,0.34567156442681835,0.27145502618318207,0.5370232289455084,0.4029844731369871,0.30216034629569244
11.200000000000003,0.41692223944865303,0.4630415782373287,0.21646682504693396,0.23517994055337446,0.35513133666222907,0.2880228779283091,0.2609064433232627,0.34585382075926785,0.27152679509752975,0.537254986736309,0.403240469453839,0.3022235528887367
11.3,0.4172864118125071,0.46308913880337954,0.21722097876311902,0.23576571695044082,0.35482353268965783,0.2881969787220082,0.26118877953518393,0.34603827721209385,0.2715884200949333,0.5374687029924827,0.4034772058375218,0.30227645800290787
11.400000000000002,0.4176453858242831,0.4631202073903663,0.21797640648894726,0.2363549856702182,0.3544980852486689,0.28836462135976876,0.2614635423826719,0.3462253094953371,0.2716404652187798,0.5376641360261641,0.4036940821981369,0.3023192214778947
11.5,0.4179993666295167,0.46313522633664905,0.2187328036781712,0.2369473007157676,0.35415601416166786,0.2885257220036011,0.26173033660530076,0.34641529331903825,0.2716834945124567,0.5378410441494877,0.4038904984457857,0.3023520031533862
11.600000000000001,0.41834855937374327,0.4631346379805882,0.21948986578454333,0.23754221609015008,0.35379833925106025,0.28868019681551577,0.2619887669426449,0.3466086043932382,0.27171807201935105,0.5379991856745883,0.4040658544905695,0.30237496286907123
11.700000000000003,0.41869316920249844,0.4631188846605437,0.2202472882618163,0.23813928579642676,0.35342608033925166,0.28882796195752314,0.2622384381342786,0.34680561842797764,0.27174476178285023,0.5381383189136003,0.4042195502425899,0.3023882604646389
11.8,0.41903340126131755,0.46308840871487583,0.22100476656374257,0.23873806383765864,0.35304025724864757,0.2889689335916336,0.2624789549197761,0.3470067111332973,0.2717641278463414,0.5382582021786585,0.404350985611948,0.3023920557797779
11.900000000000002,0.4193694606957364,0.46304365248194473,0.2217619961440748,0.23933810421690685,0.3526418898016535,0.2891030278798578,0.26270992203871163,0.3472122582192381,0.2717767342532117,0.5383585937818977,0.40445956050874543,0.3023865086541772
12.0,0.4197015526512902,0.4629850583001106,0.22251867245656545,0.23993896093723238,0.35223199782067505,0.289230160984206,0.2629309442306595,0.3474226353958407,0.27178314504684853,0.5384392520354523,0.40454467484308343,0.30237177892752587
12.100000000000001,0.42002988227351473,0.4629130685077335,0.22327455236796498,0.24054018800169638,0.35181160112811755,0.28935024906668866,0.26314162623519394,0.34763821837314574,0.2717839242706391,0.538499935251457,0.40460572852506343,0.3023480264395127
12.200000000000003,0.4203546547079453,0.46282812544317375,0.22402997601266605,0.2411413394133599,0.3513817195463868,0.28946326917311727,0.2633415727918893,0.3478593828611943,0.27177963596797045,0.5385404017420465,0.4046421214647868,0.3023154110298266
12.3,0.42067607510011745,0.46273067144479146,0.2247856058421718,0.24174196917528398,0.3509433728978882,0.289570038685647,0.2635303886403197,0.34808650457002693,0.27177084418223,0.5385604098193554,0.40465325357235493,0.3022740925381566
12.400000000000002,0.4209943485955667,0.46262114885094685,0.2255421077032402,0.24234163129052974,0.35049750153598225,0.2896719875409433,0.26370767852005955,0.34831995920968434,0.2717581129568051,0.5385597863041914,0.40463852475786916,0.30222423080419164
12.5,0.42130967453556356,0.4625,0.22630014744262908,0.2429399697514389,0.3500444263537145,0.28977055957079184,0.26387304893454866,0.3485601138282286,0.2717420063350826,0.5385389157753238,0.40459733493143096,0.3021659856676205
12.600000000000001,0.42162183859004876,0.46236757203188183,0.22706039090709645,0.2435371754778446,0.34958417750766063,0.2898671986069778,0.26402628480936874,0.3488067181324728,0.2717230089554057,0.5384984544489795,0.4045290892523045,0.3020995131310204
12.700000000000003,0.4219299444954865,0.46222383129280575,0.22782350394340017,0.2441336448876616,0.34911678347785163,0.2899633484812867,0.26416750019928803,0.3490585041477182,0.27170108640934065,0.5384390603614456,0.4044342138176483,0.3020248273399889
12.8,0.42223303229270187,0.46206864893055594,0.2285901523982982,0.24472977476740068,0.3486422727443186,0.290060453025504,0.2642968446544843,0.3493141088432572,0.2716759957643741,0.5383613915490089,0.4043153690211137,0.30194176228412295
12.900000000000002,0.4225301420225198,0.46190189609291654,0.22936100211854843,0.24532596190357267,0.34816067378709253,0.2901599560714151,0.2644144677251355,0.3495721691883823,0.2716474935232661,0.5382661060479562,0.4041755109348971,0.30185014031868046
13.0,0.4228203137257654,0.4617234439276716,0.23013671895090876,0.24592260308268837,0.3476720150862043,0.29026330145080537,0.2645205189614194,0.349831322152386,0.27161533618877703,0.5381538618945749,0.40401759563119505,0.3017497837989196
13.100000000000001,0.42310258744326357,0.46153316358260543,0.2309179687421372,0.24652009509125858,0.34717632512168534,0.2903719329954603,0.2646151479135141,0.35009020470456076,0.27157928026366684,0.5380253171251516,0.40384457918220396,0.30164051508009826
13.200000000000003,0.4233760032158393,0.46133092620550203,0.23170541733899158,0.24711883471579418,0.34667363237356635,0.2904872945371654,0.26469850413159723,0.3503474538141991,0.27153908225069584,0.5378811297759732,0.40365941766012026,0.30152215651747444
13.3,0.4236396010843176,0.4611166029441456,0.23249973058822984,0.24771921874280592,0.3461639653218786,0.2906108299077058,0.26477073716584687,0.3506017064505935,0.27149449865262415,0.5377219578833267,0.40346506713714053,0.30139453046630627
13.400000000000002,0.42389242108952335,0.46089006494632023,0.23330157433661,0.24832164395880466,0.3456473524466529,0.2907439829388673,0.26483199656644074,0.35085159958303647,0.27144528597221207,0.5375484594834993,0.4032644836854611,0.3012574592818517
13.5,0.4241335032722816,0.4606511833598101,0.23411161443088985,0.24892650715030115,0.3451238222279205,0.290888197462435,0.2648824318835569,0.35109577018082033,0.27139120071221956,0.5373612926127775,0.40306062337727844,0.3011107653193688
13.600000000000001,0.42436188767341754,0.4603998293323993,0.23493051671782736,0.24953420510380628,0.34459340314571235,0.2910449173101945,0.26492219266737305,0.35133285521323776,0.27133199937540703,0.5371611153074485,0.40285644228478906,0.3009542709341156
13.700000000000003,0.4245766143337559,0.46013587401187206,0.23575894704418046,0.2501451346058308,0.3440561236800595,0.29121558631393124,0.26495142846806713,0.3515614916495811,0.2712674384645345,0.5369485856037991,0.40265489648018943,0.30078779848135
13.8,0.4247767232941217,0.45985918854601243,0.23659757125670702,0.25075969244288554,0.343512012310993,0.2914016483054305,0.264970288835817,0.3517803164591431,0.27119727448236225,0.5367243615381166,0.40245894203567606,0.3006111703163301
13.900000000000002,0.42496125459534,0.45956964408260453,0.23744705520216505,0.25137827540148133,0.34296109751854387,0.29160454711647793,0.26497892332080064,0.3519879666112158,0.27112126393165037,0.5364891011466875,0.4022715350234452,0.3004242087943139
14.0,0.42512924827823567,0.45926711176943263,0.2383080647273124,0.252001280268129,0.34240340778274314,0.2918257265788588,0.26497748147319583,0.3521830790750921,0.2710391633151591,0.5362434624657989,0.4020956315156936,0.30022673627055946
14.100000000000001,0.425279744383634,0.4589514627542807,0.23918126567890702,0.25262910382933934,0.34183897158362203,0.29206663052435855,0.26496611284318045,0.3523642908200643,0.2709507291356486,0.5359881035317376,0.40193418758461746,0.3000185751003248
14.200000000000003,0.4254117829523596,0.458622568184933,0.24006722241009384,0.2532621428716232,0.3412678174012113,0.29232870278476264,0.2649449669809324,0.35253023881542483,0.2708557178958791,0.5357236823807907,0.40179015930241346,0.29979954763886785
14.3,0.42552440402523767,0.4582802992091737,0.2409656408580435,0.2539007941814913,0.3406899737155422,0.29261328750279797,0.26491419343662964,0.35267956003046624,0.2707538860986107,0.5354508570492452,0.4016665027412779,0.29956947624144664
14.400000000000002,0.4256166476430931,0.45792452697478675,0.2418757953261202,0.2545454545454545,0.3401054690066457,0.2929205202276156,0.2648739417604499,0.352810891434481,0.27064499024660355,0.535170285573388,0.40156617397340727,0.2993281832633193
14.5,0.425687553846751,0.45755512262955644,0.24279695684831276,0.2551964274948909,0.3395143317545528,0.2932497324991783,0.26482436150257116,0.35292286999676165,0.2705287868426179,0.5348826259895059,0.40149212907099807,0.2990754910597437
14.600000000000001,0.42573616267703623,0.4571719573212669,0.24372839645861,0.25585364354064727,0.3389165904392947,0.2936002413233975,0.26476560221317125,0.35301413268660065,0.270405032389414,0.5345885363338859,0.40144732410624673,0.29881122198597804
14.700000000000003,0.4257615215406223,0.4567749021977022,0.2446693851910007,0.2565169399384376,0.3383122735409022,0.29397136370618465,0.26469781344242815,0.353083602422386,0.2702734833897518,0.5342886746428149,0.4014347151513498,0.29853519839728015
14.8,0.42576365030798125,0.45636382840664663,0.24561919407947355,0.257186153943976,0.33770140953940664,0.29436241665345114,0.26462114474051956,0.3531323628983626,0.2701338963463918,0.53398369895258,0.40145725827850365,0.2982472426489082
14.900000000000002,0.4257445028465207,0.4559386070958841,0.24657709415801754,0.25786112281297646,0.3370840269148387,0.2947727171711085,0.2645357456576235,0.35316248515220044,0.2699860277620939,0.5336742672994681,0.40151790953730704,0.29794717709612
15.0,0.425706261687073,0.4554991094131989,0.24754235646062128,0.25854168380115305,0.3364601541472298,0.2952015822650682,0.26444176574391776,0.3531760452980063,0.26982963413961836,0.533361037719766,0.4016190149311699,0.29763482409417374
15.100000000000001,0.4256511093604705,0.45504520650637514,0.2485142520212737,0.2592276741642198,0.3358298197166107,0.2956483289412416,0.2643393545495803,0.3531751194498868,0.2696644719817255,0.5330446682497606,0.4017607197912495,0.29731000599832746
15.200000000000003,0.4255812283975457,0.4545767695231969,0.24949205187396356,0.25991893115789083,0.3351930521030126,0.2961122742055402,0.264228661624789,0.35316178372194873,0.2694902977911753,0.5327258169257391,0.4019426733850665,0.29697254516383914
15.3,0.42549880132913087,0.4540936696114484,0.2504750270526796,0.26061529203788003,0.3345498797864665,0.2965927350638755,0.26410983651972164,0.3531381142282987,0.269306868070728,0.5324051417839881,0.40216452498014144,0.2966222639459667
15.400000000000002,0.42540601068605843,0.4535957779189138,0.25146244859141076,0.26131659405990154,0.33390033124700336,0.2970890285221589,0.26398302878455615,0.3531061870830435,0.2691139393231438,0.5320833008607949,0.4024259238439949,0.2962589846999683
15.5,0.4253050389991607,0.45308296559337713,0.2524535875241456,0.2620226744796693,0.3332444349646544,0.29760047158630176,0.26384838796947047,0.35306807840028975,0.26891126805118293,0.5317609521924461,0.4027265192441474,0.29588252978110186
15.600000000000001,0.4251980687992702,0.4525551037826226,0.2534477148848732,0.26273337055289747,0.33258221941945043,0.2981263812622157,0.2637060636246424,0.3530258642941442,0.2686986107576055,0.5314387538152289,0.40306596044811943,0.2954927215446254
15.700000000000003,0.4250872826172192,0.4520120636344343,0.25444410170758225,0.2634485195353001,0.33191371309142265,0.2986660745558121,0.26355620530024976,0.35298162087871354,0.26847572394517166,0.5311173637654302,0.4034438967234316,0.295089382345797
15.8,0.4249748629838401,0.4514537162965965,0.25544201902626135,0.264167958682591,0.33123894446060215,0.2992188684730024,0.26339896254647066,0.35293742426810454,0.26824236411664165,0.5307974400793367,0.40385997733760454,0.2946723345398746
15.900000000000002,0.4248629924299652,0.4508799329168931,0.25644073787489957,0.26489152525048454,0.3305579420070199,0.2997840800196981,0.2632344849134827,0.35289535057642374,0.26799828777477563,0.5304796407932356,0.40431385155815863,0.29424140048211633
16.0,0.424753853486427,0.45029058464310845,0.2574395292874856,0.2656190564946945,0.3298707342107069,0.30036102620181043,0.263062921951464,0.352857475917778,0.26774325142233385,0.5301646239434138,0.40480516865261457,0.2937964025277801
16.1,0.4246496286840579,0.4496855426230266,0.2584376642980083,0.26635038967093505,0.32917734955169425,0.3009490240252512,0.2628844232105923,0.35282587640627394,0.2674770115620763,0.5298530475661581,0.4053335778884929,0.29333716303212404
16.200000000000003,0.4245525005536902,0.44906467800443167,0.2594344139404563,0.26708536203492017,0.32847781651001295,0.3015473904959316,0.26269913824104557,0.3528026281560183,0.2671993246967634,0.5295455696977555,0.4058987285333141,0.29286350435040603
16.3,0.42446465162615626,0.4484278619351079,0.26042904924881854,0.26782381084236395,0.3277721635656941,0.3021554426197631,0.2625072165930015,0.3527898072811178,0.26690994732915513,0.5292428483744931,0.4065002698545987,0.2923752488378842
16.400000000000002,0.4243882644322885,0.44777496556283936,0.26142084125708376,0.26856557334898046,0.32706041919876866,0.30277249740265727,0.26230880781663823,0.35278948989567904,0.2666086359620118,0.5289455416326574,0.4071378511198674,0.29187221884981646
16.5,0.4243255215029193,0.4471058600354101,0.2624090609992408,0.26931048681048353,0.3263426118892678,0.30339787185052547,0.26210406146213344,0.35280375211380893,0.26629514709809354,0.5286543075085359,0.4078111215966406,0.29135423674146094
16.6,0.42427860536888107,0.44642041650060443,0.2633929795092785,0.2700583884825874,0.3256187701172224,0.3040308829692792,0.26189312707966506,0.352834670049614,0.26596923724016047,0.5283698040384153,0.40851973055243895,0.2908211248680755
16.700000000000003,0.4242496985610061,0.44571850610620634,0.2643718678211855,0.2708091156210061,0.32488892236266365,0.3046708477648299,0.26167615421941104,0.35288431981720086,0.2656306628909728,0.5280926892585822,0.40926332725478304,0.29027270558491836
16.8,0.4242409836101269,0.44500000000000006,0.2653449969689507,0.2715625054814536,0.3241530971056225,0.305317083243089,0.2614532924315491,0.3529547775306765,0.2652791805532908,0.5278236212053241,0.41004156097119326,0.28970880124724746
16.900000000000002,0.42425464304707566,0.44426476932976966,0.2663116379865629,0.27231839531964397,0.32341132282613005,0.30596890640996793,0.26122469126625736,0.35304811930414737,0.2649145467298746,0.5275632579149276,0.4108540809691903,0.2891292342103208
17.0,0.42429285940268496,0.4435126852432994,0.26727106190801087,0.2730766223912912,0.3226636280042174,0.3066256342713781,0.26099050027371345,0.3531664212517204,0.26453651792348426,0.5273122574236797,0.4117005365162946,0.2885338268293963
17.1,0.424357815207787,0.44274361888837327,0.26822253976728355,0.27383702395210946,0.32191004111991534,0.3072865838332312,0.26075086900409544,0.353311759487502,0.26414485063688015,0.5270712777678676,0.4125805768800268,0.28792240145973214
17.200000000000003,0.4244516929932144,0.4419574414127755,0.2691653425983695,0.2745994372578126,0.3211505906532552,0.3079510721014384,0.2605059470075811,0.3534862101255991,0.2637393013728223,0.5268409769837776,0.4134938513279075,0.28729478045658624
17.3,0.4245766752897993,0.4411540239642901,0.2700987414352576,0.2753636995641148,0.3203853050842678,0.30861841608191126,0.26025588383434833,0.3536918492801183,0.26331962663407094,0.5266220131076973,0.41444000912745715,0.28665078617521667
17.400000000000002,0.42473494462837413,0.44033323769070143,0.27102200731193676,0.2761296481267301,0.3196142128929844,0.3092879327805613,0.26000082903457494,0.3539307530651664,0.2628855829233864,0.5264150441759132,0.41541869954619637,0.2859902409708815
17.5,0.4249286835397714,0.4394949537397934,0.2719344112623956,0.27689712020137247,0.3188373425594359,0.3099589392032998,0.2597409321584391,0.3542049975948501,0.2624369267435286,0.5262207282247126,0.4164295718516456,0.2853129671988386
17.6,0.42516007455482335,0.4386390432593504,0.27283522432062307,0.27766595304375596,0.3180547225636534,0.3106307523560384,0.25947634275611825,0.35451665898327595,0.26197341459725776,0.5260397232903821,0.4174722753113254,0.2846187872143461
17.700000000000003,0.4254313002043625,0.4377653773971563,0.2737237175206079,0.2784359839095947,0.31726638138566793,0.3113026892446884,0.25920721037779054,0.3548678133445507,0.2614948029873342,0.5258726874092087,0.4185464591927565,0.2839075233726619
17.8,0.42574454301922104,0.4368738273009954,0.27459916189633893,0.27920705005460256,0.31647234750551045,0.3119740668751613,0.25893368457363386,0.3552605367927812,0.26100084841651805,0.5257202786174796,0.4196517727634594,0.28317899802904417
17.900000000000002,0.4261019855302315,0.43596426411865175,0.2754608284818049,0.27997898873449373,0.3156726494032121,0.3126442022533686,0.258655914893826,0.35569690544207405,0.26049130738756954,0.5255831549514814,0.4207878652909545,0.2824330335387508
18.0,0.4265058102682261,0.43503655899790966,0.2763079883109946,0.28075163720498214,0.31486731555880393,0.3133124123852217,0.25837405088854487,0.35617899540653597,0.25996593640324867,0.5254619744475013,0.4219543860427625,0.28166945225703993
18.1,0.4269581997640375,0.434090583086553,0.2771399124178969,0.28152483272178186,0.31405637445231693,0.3139780142766321,0.2580882421079683,0.3567088828002736,0.25942449196631573,0.525357395141826,0.4231509842864039,0.2808880765391695
18.200000000000003,0.4274613365484978,0.4331262075323661,0.27795587183650056,0.28229841254060706,0.3132398545637821,0.31464032493351113,0.2577986381022744,0.35728864373739366,0.25886673057953097,0.5252700750707427,0.4243773092893992,0.2800887287403975
18.3,0.4280174031524394,0.4321433034831331,0.2787551376007944,0.2830722139171716,0.3124177843732307,0.3152986613617704,0.25750538842164067,0.3579203543320029,0.25829240874565446,0.5252006722705381,0.42563301031926903,0.2792712312159821
18.400000000000002,0.4286285821066949,0.431141742086638,0.2795369807447671,0.2838460741071896,0.3115901923606934,0.31595234056732124,0.2572086426162452,0.3586060906982081,0.2577012829674464,0.5251498447774995,0.42691773664353405,0.278435406321181
18.5,0.4292970559420965,0.43012139449066517,0.28030067230240757,0.2846198303663751,0.3107571070062016,0.3166006795560751,0.25690855023626596,0.3593479289501158,0.257093109747667,0.5251182506279133,0.4282311375297145,0.27758107641125257
18.6,0.43002500718947667,0.42908213184299854,0.2810454833077047,0.28539331995044215,0.30991855678978614,0.31724299533394357,0.2566052608318807,0.36014794520183274,0.2564676455890764,0.5251065478580669,0.42957286224533126,0.2767080638414547
18.700000000000003,0.4308146183796678,0.42802382529142224,0.28177068479464706,0.2861663801151047,0.3090745701914782,0.31787860490683795,0.2562989239532672,0.3610082155674657,0.25582464699443486,0.5251153945042469,0.4309425600579047,0.2758161909670453
18.8,0.43166807204350205,0.4269463459837205,0.28247554779722356,0.2869388481160769,0.3082251756913087,0.31850682528066976,0.2559896891506036,0.3619308161611213,0.25516387046650246,0.5251454486027405,0.43233988023495534,0.2749052801432826
18.900000000000002,0.4325875507118121,0.42584956506767746,0.28315934334942305,0.2877105612090728,0.30737040176930874,0.3191269734613505,0.2556777059740675,0.36291782309690634,0.2544850725080394,0.5251973681898344,0.4337644720440038,0.27397515372542436
19.0,0.4335752369154301,0.42473335369107723,0.2838213424852343,0.2884813566498063,0.3065102769055094,0.3197383664547914,0.25536312397383704,0.3639713124889274,0.25378800962180587,0.5252718113018158,0.4352159847525707,0.2730256340687288
19.1,0.43463331318518855,0.42359758300170397,0.28446081623864594,0.2892510716939915,0.3056448295799416,0.32034032126690415,0.25504609270008993,0.3650933604512913,0.25307243831056214,0.5253694359749714,0.43669406762817653,0.2720565435284538
19.200000000000003,0.4357639620519198,0.4224421241473418,0.28507703564364706,0.2900195435973425,0.3047740882726365,0.32093215490360016,0.2547267617030041,0.36628604309810464,0.2523381150770682,0.5254909002455883,0.4381983699383418,0.2710677044598575
19.3,0.4369693660464563,0.4212668482757749,0.28566927173422624,0.2907866096155733,0.3038980814636251,0.3215131843707908,0.25440528053275746,0.3675514365434742,0.25158479642408443,0.5256368621499534,0.4397285409505871,0.2700589392181979
19.400000000000002,0.43825170769963023,0.4200716265347873,0.28623679554437237,0.2915521070043979,0.30301683763293846,0.3220827266743876,0.2540817987395278,0.36889161690150674,0.2508122388543708,0.5258079797243537,0.44128422993243305,0.2690300701587329
19.5,0.4396131695422742,0.4188563300721632,0.28677887810807423,0.29231587301953044,0.30213038526060765,0.32264009882030187,0.25375646587349315,0.3703086602863087,0.25002019887068777,0.5260049110050757,0.4428650861514,0.2679809196367207
19.6,0.4410559341052205,0.4176208300356868,0.2872947904593206,0.2930777449166848,0.30123875282666357,0.32318461781444524,0.25342943148483116,0.37180464281198705,0.24920843297579523,0.5262283140284072,0.44447075887500886,0.2669113100074191
19.700000000000003,0.44258218391930143,0.4163649975731421,0.28778380363210027,0.2938375599515752,0.3003419688111374,0.32371560066272903,0.25310084512371983,0.37338164059264844,0.24837669767245352,0.5264788468306343,0.4461008973707798,0.26582106362608626
19.8,0.44419410151534944,0.4150887038323134,0.28824518866040205,0.29459515537991554,0.2994400616940602,0.32423236437106484,0.2527708563403372,0.37504172974239947,0.24752474946342282,0.5267571674480443,0.4477551509062335,0.26471000284798024
19.900000000000002,0.44589386942419695,0.4137918199609847,0.2886782165782148,0.29535036845741997,0.29853305995546286,0.32473422594536394,0.25243961468486087,0.37678698637534697,0.24665234485146317,0.5270639339169241,0.44943316874889067,0.26357795002835893
20.0,0.4476836701766763,0.4124742171069402,0.28908215841952717,0.2961030364398024,0.2976209920753765,0.3252205023915378,0.2521072697074689,0.37861948660559747,0.24575924033933494,0.5273998042735607,0.45113460016627166,0.26242472752248047
20.1,0.44956568630361987,0.41113576641796407,,0.2968529965827771,0.29670388653383234,0.32569051071549804,0.25177397095833903,0.3805413065472578,0.24484519242979813,0.5277654365542409,0.4528590944258972,0.26125015768560284
20.200000000000003,0.45154210033586,0.4097763390418404,,0.2976000861420578,0.2957817718108612,0.32614356792315596,0.25143986798764933,0.38255452231443476,0.24390995762561307,0.5281614887952518,0.45460630079528763,0.260054062872984
20.3,0.4536150948042292,0.40839580612635334,,0.2983441423733587,0.29485467638649415,0.326578991020423,0.2511051103455775,0.3846612100212349,0.24295329242953984,0.5285886190328801,0.4563758685419637,0.258836265439882
20.400000000000002,0.45578685223955967,0.40699403881928703,,0.2990850025323939,0.2939226287407623,0.32699609701321075,0.25076984758230153,0.38686344578176496,0.2419749533443387,0.5290474853034132,0.4581674469334458,0.2575965877415548
20.5,0.4580595551726839,0.4055709082684257,,0.2998225038748773,0.2929856573536967,,0.2504342292479993,0.3891633057101315,0.24097469687276973,0.5295387456431374,0.4599806852372546,0.2563348521332605
20.6,0.46043538613443424,0.4041262856215533,,,0.29204379070532827,,0.2500984048928485,0.39156286592044154,0.2399522795175932,0.5300630580883402,0.4618152327209107,0.25505088097025713
20.700000000000003,0.46291652765564306,0.40266004202645395,,,0.29109705727568824,,0.2497625240670273,0.3940642025268016,0.2389074577815692,0.5306210806753081,0.46367073865193453,0.25374449660780257
20.8,0.4655051622671427,0.4011720486309121,,,0.2901454855448075,,0.2494267363207134,0.39666939164331827,0.23783998816745802,0.5312134714403285,0.46554685229784654,0.2524155214011551
20.900000000000002,0.46820347249976574,0.3996621765827115,,,,,0.2490911912040847,0.39938050938409847,0.23674962717801973,0.5318408884196878,0.4674432229261676,0.2510637777055725
21.0,0.4710136408843442,0.39813029702963665,,,,,,0.4021996318632487,0.2356361313160146,0.5325039896496735,0.469359499804418,0.24968908787631286
21.1,0.47393784995171084,0.3965762811194714,,,,,,0.40512883519487586,,0.5332034331665719,0.4712953322001183,0.24829127426863418
21.200000000000003,0.47697828223269795,0.395,,,,,,,,,0.4732503693807893,0.2468701592377945
21.3,0.4801371202581376,,,,,,,,,,0.4752242606139513,
21.400000000000002,,,,,,,,,,,0.47721665516712497,
21.5,,,,,,,,,,,0.4792272023078307,
21.6,,,,,,,,,,,0.4812555513035893,
21.700000000000003,,,,,,,,,,,,
21.8,,,,,,,,,,,,
21.900000000000002,,,,,,,,,,,,
22.0,,,,,,,,,,,,
22.1,,,,,,,,,,,,
22.200000000000003,,,,,,,,,,,,
22.3,,,,,,,,,,,,
22.400000000000002,,,,,,,,,,,,
22.5,,,,,,,,,,,,
22.6,,,,,,,,,,,,
22.700000000000003,,,,,,,,,,,,
22.8,,,,,,,,,,,,
22.900000000000002,,,,,,,,,,,,
23.0,,,,,,,,,,,,
23.1,,,,,,,,,,,,
23.200000000000003,,,,,,,,,,,,
23.3,,,,,,,,,,,,
23.400000000000002,,,,,,,,,,,,
23.5,,,,,,,,,,,,
23.6,,,,,,,,,,,,
23.700000000000003,,,,,,,,,,,,
23.8,,,,,,,,,,,,
23.900000000000002,,,,,,,,,,,,
24.0,,,,,,,,,,,,
